,mean,std,ml
a1,5.5488057,2.1562753,4.847326
B1,-21817.604,3295.3872,-20649.494
a2,-44.175232,45.40118,-21.733606
B2,-15817.055,70814.35,44403.53
nu,0.2406333,0.040547732,0.27485082
sigma,0.1012308,0.013757821,0.07136608
