,mean,std,ml
a1,14.470632,1.0908184,15.494761
B1,-35072.043,1605.3505,-36549.258
a2,-35.195164,5.489088,-37.374657
B2,64798.297,7283.979,67520.29
nu,0.038303785,0.014923261,0.025605887
sigma,0.022449482,0.004001199,0.005280843
