,mean,std,ml
B1,-22272.562,2394.8662,-22305.257750226825
B2,-17545.5,72474.05,-11487.14855404056
a1,5.854492,1.5655127,5.8837914943177765
a2,-46.35683,45.590843,-44.394750895870466
nu,0.23517495,0.02906315,0.23244281692264054
