,mean,std,ml
a1,6.0611672,2.2470822,4.9264393
B1,-22366.1,3423.7239,-20573.53
a2,-44.490643,45.345943,-26.504
B2,-16438.285,70955.9,51291.547
nu,0.19885266,0.043212164,0.22834976
sigma,0.108866125,0.016384328,0.07825391
