,mean,std,ml
a1,20.683952,0.99862874,20.933363
B1,-49073.52,1850.1191,-49164.406
a2,-60.20475,54.793457,-89.70195
B2,-21318.861,103621.234,37176.65
nu,0.11676714,0.0383405,0.064485036
sigma,0.017702399,0.0151832905,0.00013742174
