,mean,std,ml
B1,-61615.5,2285.2832,-61458.89008900142
B2,-7039.749,78555.05,-2228.029355447489
a1,28.436153,1.2484047,28.347437206098345
a2,-52.672005,44.572548,-50.20809627703731
nu,0.11691257,0.017525231,0.11903800543007949
