,mean,std,ml
a1,34.56733,0.5889913,35.907787
B1,-69613.98,864.56464,-71526.05
a2,-5.415608,18.246628,36.12968
B2,-13735.233,28050.654,-46150.87
nu,0.06186784,0.014367206,0.057744652
sigma,0.10179369,0.011264388,0.09378696
