,mean,std,ml
a1,28.53059,1.3772464,28.443348
B1,-61721.51,2523.006,-61527.785
a2,-52.796505,44.89035,-51.92105
B2,-6281.0054,78897.99,-23348.068
nu,0.10304815,0.023585703,0.09377379
sigma,0.020933826,0.012685916,8.912166e-05
