,mean,std,ml
B1,-69909.164,869.8031,-69600.08727351888
B2,-13518.584,26580.416,-11414.092554425319
a1,34.762913,0.5808434,34.56150216242746
a2,-3.0091698,18.382877,-0.7960431955712908
nu,0.05912268,0.011693066,0.05733023189111272
