,mean,std,ml
a1,14.540539,1.0623516,15.037385
B1,-35177.496,1558.7242,-35877.082
a2,-35.324078,5.598043,-39.209408
B2,64962.305,7429.736,70111.47
nu,0.038522273,0.017040001,0.025094932
sigma,0.02249959,0.0040213442,0.020069527
