,mean,std,ml
a1,28.455019,1.3392683,28.403551
B1,-61822.113,2456.2847,-61755.574
a2,-53.888863,44.769882,-29.491821
B2,-6665.53,79295.31,-108131.55
nu,0.14112008,0.024491027,0.14225161
sigma,0.01794329,0.010584953,0.00011968533
