,mean,std,ml
a1,14.16898,1.2060955,15.076509
B1,-34568.72,1782.1743,-35864.3
a2,-35.084774,5.6504745,-41.230663
B2,64692.344,7495.3706,72838.79
nu,0.034481376,0.015999118,0.019197766
sigma,0.045551367,0.0056599826,0.04271443
