,mean,std,ml
a1,34.47012,0.58930045,34.68185
B1,-69592.35,866.3223,-69829.875
a2,-5.6213093,17.97661,16.211395
B2,-14278.035,28710.555,-15335.333
nu,0.077679135,0.01694977,0.06851752
sigma,0.07380496,0.010033696,0.06868448
