,mean,std,ml
B1,-48917.934,1398.78,-48979.453444984894
B2,-20350.889,105273.12,-2665.38297963264
a1,20.42493,0.75578076,20.448926222679447
a2,-59.6437,53.40371,-47.74011216996796
nu,0.16226968,0.029157335,0.16031133670685008
