,mean,std,ml
a1,20.358162,1.0002197,20.602182
B1,-48842.95,1851.4264,-49193.082
a2,-60.162045,54.942867,-66.793365
B2,-23184.941,104710.75,43821.473
nu,0.17359336,0.039161824,0.15086804
sigma,0.011504779,0.010582182,2.4311588e-05
