,mean,std,ml
a1,35.077335,1.2066294,37.01263
B1,-70345.58,1776.1113,-73137.19
a2,-2.5219622,18.566973,41.38388
B2,-11424.24,27820.637,-54051.46
nu,0.06029702,0.0147347385,0.056652855
sigma,0.07719022,0.010796961,0.050265156
