,mean,std,ml
B1,-36132.004,2338.4934,-35411.60299033243
B2,46398.27,1980.7689,45569.68576532129
a1,14.35885,1.7124603,13.825519122257788
a2,-21.26073,1.4620214,-20.635289404297705
n,1.7500284,0.25571203,1.6425114767480402
