,mean,std,ml
a1,19.569864,0.980022,19.592854
B1,-49086.516,1834.5782,-49132.555
a2,-91.14704,62.702282,-108.340805
B2,-119593.84,120710.75,-181021.03
n,2.0304663,0.37467685,2.0052366
sigma,0.01173972,0.010606201,2.8571567e-05
