,mean,std,ml
a1,12.548425,1.8101387,12.692313
B1,-33432.89,2580.1624,-33486.54
a2,-21.483313,2.1649292,-20.503971
B2,46754.22,2896.7083,45481.742
n,1.7822165,0.4855634,1.4766161
sigma,0.050860114,0.006158528,0.047218237
