,mean,std,ml
B1,-49098.4,1422.3397,-49105.6987928718
B2,-124418.18,120490.52,-112924.70180321747
a1,19.573853,0.75992614,19.585096696385477
a2,-91.56563,61.69291,-83.04597853459101
n,2.0351496,0.2809512,1.968015518886337
