,mean,std,ml
a1,33.2558,0.5178129,34.13116
B1,-69594.14,770.0408,-70855.14
a2,-44.608337,18.563858,-6.0586996
B2,47993.754,26593.62,21797.424
n,2.9468715,0.32904455,2.8787024
sigma,0.07632949,0.010336136,0.050704036
