,mean,std,ml
a1,33.23496,0.5029023,33.171497
B1,-69565.44,748.6412,-69230.46
a2,-45.264668,18.510586,-33.929348
B2,48152.867,26850.19,67727.93
n,2.951306,0.30590677,2.4178522
sigma,0.0761584,0.009991943,0.07119268
