,mean,std,ml
a1,5.5372467,1.7546486,5.5129538
B1,-22999.98,2707.026,-22999.98
a2,-45.360237,43.37141,-45.360237
B2,-4498.59,69787.17,-4498.59
n,1.3121718,0.1522337,1.3201241
sigma,0.091183886,0.013368052,0.06729359
