,mean,std,ml
a1,12.90053,1.5773816,13.53939
B1,-34076.918,2213.0552,-34736.15
a2,-22.17155,2.3421967,-20.32111
B2,47640.74,3116.82,45209.7
n,1.880223,0.48128182,1.4349086
sigma,0.02694018,0.0044770767,0.00878649
