,mean,std,ml
a1,5.5534377,2.151037,5.5183034
B1,-22936.824,3318.4514,-22936.824
a2,-46.693855,44.462307,-46.693855
B2,-6636.453,69442.85,-6636.453
n,1.5553701,0.2784298,1.4827106
sigma,0.104909874,0.017204298,0.093040675
