,mean,std,ml
a1,27.56366,1.3074917,27.600058
B1,-62044.06,2373.6394,-61932.82
a2,-44.933544,45.4979,-28.322027
B2,-21865.502,79633.74,58743.36
n,2.040547,0.2504399,1.912758
sigma,0.016606744,0.010306491,0.00082385953
