,mean,std,ml
B1,-61822.387,2137.0083,-61735.73757246322
B2,-21526.432,78495.86,-17188.911993009966
a1,27.451902,1.1775641,27.37794549827984
a2,-44.160294,44.221607,-40.940459221819104
n,2.2187798,0.20903347,2.164625321057947
