,mean,std,ml
a1,27.407137,1.274908,27.41743
B1,-61752.613,2314.4534,-61626.93
a2,-45.12078,44.383404,-23.326824
B2,-20345.473,78861.32,49505.312
n,2.4423444,0.37378493,2.186227
sigma,0.03893342,0.027413487,0.0008114044
