,mean,std,ml
a1,19.733557,0.9112702,19.834908
B1,-49300.61,1712.5002,-49512.117
a2,-69.481,54.363945,-104.33731
B2,-5398.021,103698.375,103474.36
n,2.917471,0.7278082,2.7535937
sigma,0.05142422,0.036458597,0.001469325
