,mean,std,ml
a1,5.628332,1.8518621,
B1,-23166.617,2846.4382,
a2,-48.902294,45.79056,
B2,-9284.147,71422.914,
n,1.336321,0.15327235,
sigma,-2.3802383,0.13252658,
