,mean,std,ml
a1,33.30258,0.58431154,35.346325
B1,-69636.88,867.23834,-72607.5
a2,-44.343075,18.46059,-4.515772
B2,47775.266,26839.043,20289.014
n,3.3104086,0.39393154,3.0399613
sigma,0.106601246,0.0122860605,0.097025424
