Pure W Data,,Pure W Error,,K-doped W Data,,K-doped W Error,,K-doped W-3Re Data,,K-doped W-3Re Error,
X,Y,X,Y,X,Y,X,Y,X,Y,X,Y
0.001000000000000001,476.52173913043487,0.001034331344663919,467.174823582973,0.001000000000000001,484.3478260869566,0.0009832640415013442,497.173457773731,0.001034331344663919,456.95743227862516,0.0010170208182057638,449.78306396539955
0.026873199220874257,482.9148645572502,0.02642345047398754,486.1752788527203,0.02554640793813829,483.1308900523561,0.025981228703463567,489.0009105394947,0.02554640793813829,463.1308900523561,0.027330603059419974,455.30662417482364
0.6203976685485497,465.173457773731,0.6309573444801942,446.6956521739131,0.6309573444801942,468.21739130434787,0.6203976685485497,477.34737081720925,15.848931924611142,453.0869565217392,15.848931924611142,446.78260869565224
2.980887251946192,450.4331891645801,2.980887251946192,471.0853630776236,3.0316243919534407,474.9988618256317,3.0832251195970333,486.7384475301617,1945.3835338955735,439.7384475301617,1978.4955533664884,434.9562941042568
6.264099373546381,422.40974277259284,6.370719470206353,457.41019804234014,6.0561824852961035,477.19144092875035,6.264099373546381,490.2358297291146,,,,
16.393047069069922,407.21830184384254,16.393047069069922,416.5661279307991,16.11869371365544,475.6961074436604,15.322876954638652,490.04256772137495,,,,
2012.171166501243,398.86979285226505,1912.8256758083228,413.8684270430231,1945.3835338955735,402.7819257910312,2012.171166501243,409.3045754609607,,,,
