T [K],UTS [Mpa],Yield Strength [Mpa]
1274.681754,155.9688876,84.22981339
1472.701556,185.7750307,78.97970876
1772.560113,126.260011,63.27646895
1972.842999,85.18825983,48.56634311
